{
  "config": {
    "n_timesteps": 50,
    "grid_size": 10,
    "n_temperature_states": 5,
    "n_observations": 5,
    "n_actions": 4,
    "total_states": 500
  },
  "belief_entropy": [
    6.214602470397949,
    5.145607948303223,
    4.639379978179932,
    4.904260158538818,
    4.3808441162109375,
    3.977911949157715,
    4.283326148986816,
    3.6376841068267822,
    3.2048888206481934,
    2.8977150917053223,
    2.599372625350952,
    2.2935681343078613,
    2.273550033569336,
    2.068284749984741,
    2.5011281967163086,
    2.081015110015869,
    1.8688886165618896,
    1.8295198678970337,
    1.5778237581253052,
    1.3126986026763916,
    1.311408519744873,
    1.0332900285720825,
    1.0323891639709473,
    1.0318341255187988,
    1.031624436378479,
    1.0317710638046265,
    1.4177687168121338,
    0.9139707088470459,
    0.7201783657073975,
    0.6752365231513977,
    1.7630858421325684,
    1.0033437013626099,
    0.8610014915466309,
    1.8577178716659546,
    1.2445485591888428,
    1.9354817867279053,
    1.7458372116088867,
    1.498085618019104,
    1.6940317153930664,
    1.521977186203003,
    2.251013994216919,
    1.5784032344818115,
    1.35715913772583,
    1.2585909366607666,
    1.7578034400939941,
    1.313356637954712,
    1.0746779441833496,
    0.9873740673065186,
    1.5867345333099365,
    1.126422643661499
  ],
  "efe_values": [
    [
      0.5095597505569458,
      0.5095597505569458,
      0.5095600485801697,
      0.5095600485801697
    ],
    [
      -0.16678309440612793,
      -0.16678309440612793,
      -0.9444705843925476,
      1.2515432834625244
    ],
    [
      -0.9917809963226318,
      1.2495946884155273,
      -1.0707852840423584,
      1.2433803081512451
    ],
    [
      -0.6218610405921936,
      1.6963351964950562,
      -0.6673656105995178,
      3.1000537872314453
    ],
    [
      -0.2685139775276184,
      2.1786999702453613,
      -0.3170779347419739,
      5.084508895874023
    ],
    [
      -0.16966578364372253,
      2.351226329803467,
      -0.22450992465019226,
      6.7945098876953125
    ],
    [
      -0.026501834392547607,
      3.9642627239227295,
      -0.056346356868743896,
      6.8188323974609375
    ],
    [
      0.12234862148761749,
      4.3012495040893555,
      0.0818457305431366,
      8.73717975616455
    ],
    [
      0.1777750849723816,
      4.470363616943359,
      0.13477472960948944,
      10.49167537689209
    ],
    [
      0.1861588954925537,
      4.563124179840088,
      0.14023475348949432,
      12.150801658630371
    ],
    [
      0.18681323528289795,
      4.646743297576904,
      0.1375080645084381,
      13.802555084228516
    ],
    [
      0.18720877170562744,
      4.731899261474609,
      -0.06715893745422363,
      15.673331260681152
    ],
    [
      0.17706015706062317,
      4.728443622589111,
      -0.06771686673164368,
      15.747750282287598
    ],
    [
      0.1618242859840393,
      6.477579593658447,
      -0.0658920556306839,
      15.92888355255127
    ],
    [
      -0.1069493293762207,
      7.6522932052612305,
      -0.31778979301452637,
      15.168987274169922
    ],
    [
      0.06758344173431396,
      8.042475700378418,
      -0.1481168270111084,
      15.852805137634277
    ],
    [
      0.12895381450653076,
      8.183749198913574,
      -0.08109521865844727,
      16.132822036743164
    ],
    [
      0.13594016432762146,
      8.19626522064209,
      -0.0697469711303711,
      16.213260650634766
    ],
    [
      0.12867823243141174,
      9.994954109191895,
      -0.06652922928333282,
      16.441082000732422
    ],
    [
      0.1266823709011078,
      11.804997444152832,
      -0.06444723159074783,
      16.681488037109375
    ],
    [
      0.12309952080249786,
      11.786392211914062,
      -0.06784514337778091,
      16.69814109802246
    ],
    [
      0.11982838809490204,
      13.607986450195312,
      -0.06605661660432816,
      16.95111083984375
    ],
    [
      0.11643314361572266,
      13.586763381958008,
      -0.06786008924245834,
      16.96988296508789
    ],
    [
      0.11352095007896423,
      13.565073013305664,
      -0.06796729564666748,
      16.987844467163086
    ],
    [
      0.11106115579605103,
      13.542730331420898,
      -0.06801644712686539,
      17.00531768798828
    ],
    [
      0.10899081826210022,
      13.519705772399902,
      -0.06804227828979492,
      17.02231216430664
    ],
    [
      -0.16150343418121338,
      14.465805053710938,
      -0.32041722536087036,
      16.3104190826416
    ],
    [
      -0.46390679478645325,
      16.41356086730957,
      -0.4519851803779602,
      16.540990829467773
    ],
    [
      -0.4717384874820709,
      16.510936737060547,
      -0.475231409072876,
      16.713123321533203
    ],
    [
      -0.4645456075668335,
      16.51072120666504,
      -0.47089678049087524,
      16.77474594116211
    ],
    [
      -1.2756011486053467,
      13.472586631774902,
      -1.1680561304092407,
      13.373708724975586
    ],
    [
      -1.4779081344604492,
      15.000826835632324,
      -1.4343396425247192,
      14.867024421691895
    ],
    [
      -1.4935094118118286,
      15.287418365478516,
      -1.4546200037002563,
      15.04838752746582
    ],
    [
      -0.35313281416893005,
      14.303314208984375,
      -0.20378315448760986,
      13.802931785583496
    ],
    [
      -0.4567890763282776,
      15.508732795715332,
      -0.44202250242233276,
      15.279319763183594
    ],
    [
      -0.25557851791381836,
      14.668170928955078,
      -0.23451171815395355,
      14.179815292358398
    ],
    [
      -0.9887985587120056,
      14.589119911193848,
      -0.9549382328987122,
      13.968860626220703
    ],
    [
      -1.4299532175064087,
      14.46953010559082,
      -1.380469799041748,
      13.607389450073242
    ],
    [
      -0.8502606749534607,
      15.016530990600586,
      -0.7996841073036194,
      13.968832015991211
    ],
    [
      -1.3751046657562256,
      14.577384948730469,
      -1.3649438619613647,
      13.768543243408203
    ],
    [
      -0.3326432704925537,
      13.426533699035645,
      -0.20219573378562927,
      12.335810661315918
    ],
    [
      -0.4492054581642151,
      14.856464385986328,
      -0.4442094564437866,
      14.119278907775879
    ],
    [
      -0.4564145803451538,
      15.147720336914062,
      -0.4556015431880951,
      14.710165023803711
    ],
    [
      -0.45450037717819214,
      15.212700843811035,
      -0.45687466859817505,
      15.086167335510254
    ],
    [
      -0.28686267137527466,
      15.117356300354004,
      -0.27664491534233093,
      14.754481315612793
    ],
    [
      -0.1237335205078125,
      15.575621604919434,
      -0.12346355617046356,
      15.545278549194336
    ],
    [
      -0.06493337452411652,
      15.76898193359375,
      -0.06735233217477798,
      16.09166145324707
    ],
    [
      -0.060295358300209045,
      16.08843994140625,
      -0.05694068968296051,
      16.138132095336914
    ],
    [
      -0.32254308462142944,
      15.470821380615234,
      -0.3098147213459015,
      15.234960556030273
    ],
    [
      -0.14226803183555603,
      16.30596923828125,
      -0.13092754781246185,
      15.85374927520752
    ]
  ],
  "efe_by_action": {
    "action_0": {
      "indices": [
        1,
        5,
        12,
        13,
        17,
        18,
        20,
        25,
        26,
        29,
        30,
        31,
        32,
        34,
        35,
        36,
        37,
        39,
        43,
        46,
        47,
        48,
        49
      ],