{
  "performance_metrics": {
    "total_time": 2.459123134613037,
    "avg_time_per_step": 0.049182462692260745,
    "total_reward": 16.100000217556953,
    "avg_reward_per_step": 0.32200000435113907,
    "final_belief_entropy": 1.126422643661499,
    "position_accuracy": 0.88,
    "temperature_accuracy": 0.2,
    "final_position_accuracy": 1.0,
    "final_temperature_accuracy": 0.0,
    "action_distribution": [
      0.46,
      0.0,
      0.54,
      0.0
    ],
    "efe_final_min": -0.14226803183555603,
    "efe_final_std": 8.109805714287917,
    "belief_entropy_trend": [
      6.214602470397949,
      5.145607948303223,
      4.639379978179932,
      4.904260158538818,
      4.3808441162109375,
      3.977911949157715,
      4.283326148986816,
      3.6376841068267822,
      3.2048888206481934,
      2.8977150917053223,
      2.599372625350952,
      2.2935681343078613,
      2.273550033569336,
      2.068284749984741,
      2.5011281967163086,
      2.081015110015869,
      1.8688886165618896,
      1.8295198678970337,
      1.5778237581253052,
      1.3126986026763916,
      1.311408519744873,
      1.0332900285720825,
      1.0323891639709473,
      1.0318341255187988,
      1.031624436378479,
      1.0317710638046265,
      1.4177687168121338,
      0.9139707088470459,
      0.7201783657073975,
      0.6752365231513977,
      1.7630858421325684,
      1.0033437013626099,
      0.8610014915466309,
      1.8577178716659546,
      1.2445485591888428,
      1.9354817867279053,
      1.7458372116088867,
      1.498085618019104,
      1.6940317153930664,
      1.521977186203003,
      2.251013994216919,
      1.5784032344818115,
      1.35715913772583,
      1.2585909366607666,
      1.7578034400939941,
      1.313356637954712,
      1.0746779441833496,
      0.9873740673065186,
      1.5867345333099365,
      1.126422643661499
    ]
  },
  "simulation_config": {
    "n_timesteps": 50,
    "grid_size": 10,
    "n_temperature_states": 5,
    "n_observations": 5,
    "n_actions": 4,
    "total_states": 500
  },
  "key_metrics": {
    "total_time": 2.459123134613037,
    "avg_time_per_step": 0.049182462692260745,
    "total_reward": 16.100000217556953,
    "avg_reward_per_step": 0.32200000435113907,
    "final_belief_entropy": 1.126422643661499,
    "position_accuracy": 0.88
  },
  "action_distribution": [
    0.46,
    0.0,
    0.54,
    0.0
  ],
  "action_labels": [
    "Up",
    "Down",
    "Left",
    "Right"
  ],
  "belief_entropy_trend": [
    6.214602470397949,
    5.145607948303223,
    4.639379978179932,
    4.904260158538818,
    4.3808441162109375,
    3.977911949157715,
    4.283326148986816,
    3.6376841068267822,
    3.2048888206481934,
    2.8977150917053223,
    2.599372625350952,
    2.2935681343078613,
    2.273550033569336,
    2.068284749984741,
    2.5011281967163086,
    2.081015110015869,
    1.8688886165618896,
    1.8295198678970337,
    1.5778237581253052,
    1.3126986026763916,
    1.311408519744873,
    1.0332900285720825,
    1.0323891639709473,
    1.0318341255187988,
    1.031624436378479,
    1.0317710638046265,
    1.4177687168121338,
    0.9139707088470459,
    0.7201783657073975,
    0.6752365231513977,
    1.7630858421325684,
    1.0033437013626099,
    0.8610014915466309,
    1.8577178716659546,
    1.2445485591888428,
    1.9354817867279053,
    1.7458372116088867,
    1.498085618019104,
    1.6940317153930664,
    1.521977186203003,
    2.251013994216919,
    1.5784032344818115,
    1.35715913772583,
    1.2585909366607666,
    1.7578034400939941,
    1.313356637954712,
    1.0746779441833496,
    0.9873740673065186,
    1.5867345333099365,
    1.126422643661499
  ],
  "accuracies": {
    "position_accuracy": 0.88,
    "temperature_accuracy": 0.2,
    "final_position_accuracy": 1.0,
    "final_temperature_accuracy": 0.0
  },
  "efe_statistics": {
    "efe_final_min": -0.14226803183555603,
    "efe_final_std": 8.109805714287917
  }
}